course_id,lang,order,question,answer
vedic-astrology,en,1,"Do I need any prior knowledge to learn Vedic Astrology?","No. This course is designed for complete beginners as well as learners who want to build a deeper understanding of astrology and chart interpretation."
vedic-astrology,en,2,"Will I learn how to read a Kundli (birth chart)?","Yes. Students are taught how to analyze birth charts using planets, houses, zodiac signs, ascendants, yogas, dashas, and transits."
vedic-astrology,en,3,"Are predictive astrology techniques included in the course?","Yes. The course covers practical predictive methods including dasha analysis, planetary periods, transits, and timing techniques."
vedic-astrology,en,4,"Will I learn remedies used in Vedic Astrology?","Yes. Students are introduced to traditional astrological remedies and their appropriate application."
vedic-astrology,en,5,"Can I analyze career, marriage, and financial prospects through astrology?","Yes. The course teaches chart analysis for major life areas including career, relationships, marriage, finances, health, and personal growth."
vedic-astrology,en,6,"Is the course suitable for professional consultation training?","Absolutely. The curriculum focuses on practical chart reading and consultation-oriented skills."
vedic-astrology,en,7,"Will real chart examples be discussed?","Yes. Students work with practical chart examples and guided case studies to strengthen interpretation skills."
vedic-astrology,en,8,"Can I use astrology for personal guidance?","Yes. Many students learn astrology to gain deeper self-awareness and understand life patterns."
vedic-astrology,en,9,"Can I build a career after completing the course?","Yes. Students can work as astrologers, consultants, teachers, spiritual advisors, or content creators."
vedic-astrology,en,10,"Is certification provided after course completion?","Yes. Students who successfully complete the course receive a course completion certificate."
vedic-astrology,hi,1,"क्या वैदिक ज्योतिष सीखने के लिए मुझे किसी पूर्व ज्ञान की आवश्यकता है?","नहीं। यह कोर्स पूर्ण शुरुआती लोगों के साथ-साथ उन शिक्षार्थियों के लिए भी डिज़ाइन किया गया है जो ज्योतिष और चार्ट व्याख्या की गहरी समझ बनाना चाहते हैं।"
vedic-astrology,hi,2,"क्या मैं कुंडली (जन्म चार्ट) पढ़ना सीखूंगा?","हां। छात्रों को ग्रहों, भावों, राशियों, लग्न, योगों, दशाओं, और गोचर का उपयोग करके जन्म चार्ट का विश्लेषण करना सिखाया जाता है।"
vedic-astrology,hi,3,"क्या कोर्स में भविष्यवाणी ज्योतिष तकनीकें शामिल हैं?","हां। यह कोर्स दशा विश्लेषण, ग्रह काल, गोचर, और समय निर्धारण तकनीकों सहित व्यावहारिक भविष्यवाणी विधियों को कवर करता है।"
vedic-astrology,hi,4,"क्या मैं वैदिक ज्योतिष में उपयोग किए जाने वाले उपाय सीखूंगा?","हां। छात्रों को पारंपरिक ज्योतिषीय उपायों और उनके उचित अनुप्रयोग से परिचित कराया जाता है।"
vedic-astrology,hi,5,"क्या मैं ज्योतिष के माध्यम से करियर, विवाह, और वित्तीय संभावनाओं का विश्लेषण कर सकता हूं?","हां। यह कोर्स करियर, रिश्ते, विवाह, वित्त, स्वास्थ्य, और व्यक्तिगत विकास सहित प्रमुख जीवन क्षेत्रों के लिए चार्ट विश्लेषण सिखाता है।"
vedic-astrology,hi,6,"क्या यह कोर्स पेशेवर परामर्श प्रशिक्षण के लिए उपयुक्त है?","बिल्कुल। पाठ्यक्रम व्यावहारिक चार्ट रीडिंग और परामर्श-उन्मुख कौशल पर केंद्रित है।"
vedic-astrology,hi,7,"क्या वास्तविक चार्ट उदाहरणों पर चर्चा की जाएगी?","हां। छात्र व्याख्या कौशल को मजबूत करने के लिए व्यावहारिक चार्ट उदाहरणों और निर्देशित केस स्टडीज के साथ काम करते हैं।"
vedic-astrology,hi,8,"क्या मैं व्यक्तिगत मार्गदर्शन के लिए ज्योतिष का उपयोग कर सकता हूं?","हां। कई छात्र गहरी आत्म-जागरूकता प्राप्त करने और जीवन के पैटर्न को समझने के लिए ज्योतिष सीखते हैं।"
vedic-astrology,hi,9,"क्या मैं कोर्स पूरा करने के बाद करियर बना सकता हूं?","हां। छात्र ज्योतिषी, परामर्शदाता, शिक्षक, आध्यात्मिक सलाहकार, या कंटेंट क्रिएटर के रूप में काम कर सकते हैं।"
vedic-astrology,hi,10,"क्या कोर्स पूरा होने के बाद प्रमाणपत्र दिया जाता है?","हां। जो छात्र सफलतापूर्वक कोर्स पूरा करते हैं, उन्हें कोर्स पूरा होने का प्रमाणपत्र मिलता है।"
vedic-astrology,bn,1,"বৈদিক জ্যোতিষ শিখতে কি আমার কোনো পূর্ব জ্ঞানের প্রয়োজন আছে?","না। এই কোর্সটি সম্পূর্ণ নতুনদের পাশাপাশি যারা জ্যোতিষ ও চার্ট ব্যাখ্যার গভীর ধারণা গড়তে চান তাদের জন্য ডিজাইন করা হয়েছে।"
vedic-astrology,bn,2,"আমি কি কুণ্ডলী (জন্ম চার্ট) পড়তে শিখব?","হ্যাঁ। শিক্ষার্থীদের গ্রহ, ঘর, রাশি, লগ্ন, যোগ, দশা ও গোচর ব্যবহার করে জন্ম চার্ট বিশ্লেষণ করতে শেখানো হয়।"
vedic-astrology,bn,3,"কোর্সে কি ভবিষ্যদ্বাণীমূলক জ্যোতিষ কৌশল অন্তর্ভুক্ত?","হ্যাঁ। কোর্সটি দশা বিশ্লেষণ, গ্রহকাল, গোচর ও সময় নির্ধারণ কৌশল সহ ব্যবহারিক ভবিষ্যদ্বাণীমূলক পদ্ধতি অন্তর্ভুক্ত করে।"
vedic-astrology,bn,4,"বৈদিক জ্যোতিষে ব্যবহৃত প্রতিকার কি আমি শিখব?","হ্যাঁ। শিক্ষার্থীদের ঐতিহ্যবাহী জ্যোতিষীয় প্রতিকার ও তাদের যথাযথ প্রয়োগ সম্পর্কে পরিচয় করিয়ে দেওয়া হয়।"
vedic-astrology,bn,5,"জ্যোতিষের মাধ্যমে কি আমি ক্যারিয়ার, বিবাহ ও আর্থিক সম্ভাবনা বিশ্লেষণ করতে পারব?","হ্যাঁ। কোর্সটি ক্যারিয়ার, সম্পর্ক, বিবাহ, অর্থনীতি, স্বাস্থ্য ও ব্যক্তিগত বিকাশ সহ প্রধান জীবন ক্ষেত্রের জন্য চার্ট বিশ্লেষণ শেখায়।"
vedic-astrology,bn,6,"এই কোর্সটি কি পেশাদার কনসাল্টেশন প্রশিক্ষণের জন্য উপযুক্ত?","অবশ্যই। পাঠ্যক্রমটি ব্যবহারিক চার্ট পাঠ এবং কনসাল্টেশন-ভিত্তিক দক্ষতার উপর কেন্দ্রীভূত।"
vedic-astrology,bn,7,"বাস্তব চার্ট উদাহরণ কি আলোচনা করা হবে?","হ্যাঁ। ব্যাখ্যা দক্ষতা শক্তিশালী করতে শিক্ষার্থীরা ব্যবহারিক চার্ট উদাহরণ ও পরিচালিত কেস স্টাডিজের সাথে কাজ করেন।"
vedic-astrology,bn,8,"ব্যক্তিগত পথনির্দেশের জন্য কি আমি জ্যোতিষ ব্যবহার করতে পারব?","হ্যাঁ। অনেক শিক্ষার্থী গভীর আত্ম-সচেতনতা অর্জন ও জীবনের ধরণ বোঝার জন্য জ্যোতিষ শেখেন।"
vedic-astrology,bn,9,"কোর্স সম্পূর্ণ করার পরে কি আমি ক্যারিয়ার গড়তে পারব?","হ্যাঁ। শিক্ষার্থীরা জ্যোতিষী, পরামর্শদাতা, শিক্ষক, আধ্যাত্মিক পরামর্শদাতা বা কনটেন্ট ক্রিয়েটর হিসেবে কাজ করতে পারেন।"
vedic-astrology,bn,10,"কোর্স সম্পন্ন হওয়ার পরে কি সার্টিফিকেট দেওয়া হয়?","হ্যাঁ। যে শিক্ষার্থীরা সফলভাবে কোর্স সম্পন্ন করেন তারা একটি কোর্স সম্পূর্ণতা সার্টিফিকেট পান।"
tarot-card,en,1,"Is this course suitable for complete beginners?","Yes. The course is designed for beginners and does not require any prior tarot knowledge."
tarot-card,en,2,"Will I learn all Tarot card meanings?","Yes. Students learn the meanings and symbolism of both Major Arcana and Minor Arcana cards."
tarot-card,en,3,"Are upright and reversed card interpretations covered?","Yes. The course teaches both upright and reversed meanings along with practical interpretation techniques."
tarot-card,en,4,"Will I learn different tarot spreads?","Yes. Students are trained in various spreads used for general guidance, relationships, career, and personal growth readings."
tarot-card,en,5,"Does tarot reading require special psychic abilities?","No. Tarot can be learned through structured study, intuition development, and consistent practice."
tarot-card,en,6,"Will I learn how to conduct professional readings?","Yes. The course covers reading structure, client interaction, ethics, and consultation techniques."
tarot-card,en,7,"Can tarot be used for personal development?","Absolutely. Tarot is widely used for self-reflection, clarity, and decision-making."
tarot-card,en,8,"Can I offer tarot consultations professionally after completing the course?","Yes. Many students use tarot reading skills for private consultations, workshops, and online sessions."
tarot-card,en,9,"How are the classes conducted?","Classes include guided demonstrations, practical exercises, reading practice, and interpretation training."
tarot-card,en,10,"Is certification provided after completion?","Yes. Students receive a course completion certificate."
tarot-card,hi,1,"क्या यह कोर्स पूर्ण शुरुआती लोगों के लिए उपयुक्त है?","हां। यह कोर्स शुरुआती लोगों के लिए डिज़ाइन किया गया है और किसी भी पूर्व टैरो ज्ञान की आवश्यकता नहीं है।"
tarot-card,hi,2,"क्या मैं सभी टैरो कार्ड के अर्थ सीखूंगा?","हां। छात्र मेजर अर्केना और माइनर अर्केना दोनों कार्डों के अर्थ और प्रतीकवाद सीखते हैं।"
tarot-card,hi,3,"क्या सीधे और उल्टे कार्ड व्याख्याओं को कवर किया गया है?","हां। यह कोर्स व्यावहारिक व्याख्या तकनीकों के साथ सीधे और उल्टे दोनों अर्थ सिखाता है।"
tarot-card,hi,4,"क्या मैं अलग-अलग टैरो स्प्रेड सीखूंगा?","हां। छात्रों को सामान्य मार्गदर्शन, रिश्ते, करियर, और व्यक्तिगत विकास रीडिंग के लिए उपयोग किए जाने वाले विभिन्न स्प्रेड में प्रशिक्षित किया जाता है।"
tarot-card,hi,5,"क्या टैरो रीडिंग के लिए विशेष मानसिक क्षमताओं की आवश्यकता होती है?","नहीं। टैरो को संरचित अध्ययन, अंतर्ज्ञान विकास, और निरंतर अभ्यास के माध्यम से सीखा जा सकता है।"
tarot-card,hi,6,"क्या मैं पेशेवर रीडिंग कैसे संचालित करना सीखूंगा?","हां। यह कोर्स रीडिंग संरचना, ग्राहक संपर्क, नैतिकता, और परामर्श तकनीकों को कवर करता है।"
tarot-card,hi,7,"क्या टैरो का उपयोग व्यक्तिगत विकास के लिए किया जा सकता है?","बिल्कुल। टैरो का व्यापक रूप से आत्म-चिंतन, स्पष्टता, और निर्णय लेने के लिए उपयोग किया जाता है।"
tarot-card,hi,8,"क्या मैं कोर्स पूरा करने के बाद पेशेवर रूप से टैरो परामर्श प्रदान कर सकता हूं?","हां। कई छात्र निजी परामर्श, कार्यशालाओं, और ऑनलाइन सत्रों के लिए टैरो रीडिंग कौशल का उपयोग करते हैं।"
tarot-card,hi,9,"कक्षाएं कैसे संचालित की जाती हैं?","कक्षाओं में निर्देशित प्रदर्शन, व्यावहारिक अभ्यास, रीडिंग अभ्यास, और व्याख्या प्रशिक्षण शामिल हैं।"
tarot-card,hi,10,"क्या पूरा होने के बाद प्रमाणपत्र दिया जाता है?","हां। छात्र कोर्स पूरा होने का प्रमाणपत्र प्राप्त करते हैं।"
tarot-card,bn,1,"এই কোর্সটি কি সম্পূর্ণ নতুনদের জন্য উপযুক্ত?","হ্যাঁ। কোর্সটি নতুনদের জন্য ডিজাইন করা হয়েছে এবং কোনো পূর্ব ট্যারো জ্ঞানের প্রয়োজন নেই।"
tarot-card,bn,2,"আমি কি সমস্ত ট্যারো কার্ডের অর্থ শিখব?","হ্যাঁ। শিক্ষার্থীরা মেজর আর্কানা ও মাইনর আর্কানা উভয় কার্ডের অর্থ ও প্রতীকবাদ শেখেন।"
tarot-card,bn,3,"সোজা ও উল্টানো কার্ডের ব্যাখ্যা কি অন্তর্ভুক্ত?","হ্যাঁ। কোর্সটি ব্যবহারিক ব্যাখ্যা কৌশল সহ সোজা ও উল্টানো উভয় অর্থ শেখায়।"
tarot-card,bn,4,"আমি কি বিভিন্ন ট্যারো স্প্রেড শিখব?","হ্যাঁ। শিক্ষার্থীদের সাধারণ পথনির্দেশ, সম্পর্ক, ক্যারিয়ার ও ব্যক্তিগত বিকাশের পাঠের জন্য ব্যবহৃত বিভিন্ন স্প্রেডে প্রশিক্ষণ দেওয়া হয়।"
tarot-card,bn,5,"ট্যারো পাঠের জন্য কি বিশেষ অতীন্দ্রিয় ক্ষমতা প্রয়োজন?","না। ট্যারো কাঠামোগত অধ্যয়ন, অন্তর্দৃষ্টি বিকাশ ও ধারাবাহিক অনুশীলনের মাধ্যমে শেখা যায়।"
tarot-card,bn,6,"পেশাদার পাঠ কীভাবে পরিচালনা করতে হয় তা কি আমি শিখব?","হ্যাঁ। কোর্সটি পাঠ কাঠামো, ক্লায়েন্ট ইন্টারঅ্যাকশন, নৈতিকতা ও কনসাল্টেশন কৌশল অন্তর্ভুক্ত করে।"
tarot-card,bn,7,"ট্যারো কি ব্যক্তিগত বিকাশের জন্য ব্যবহার করা যেতে পারে?","অবশ্যই। ট্যারো ব্যাপকভাবে আত্ম-প্রতিফলন, স্পষ্টতা ও সিদ্ধান্ত গ্রহণে ব্যবহৃত হয়।"
tarot-card,bn,8,"কোর্স সম্পূর্ণ করার পরে কি আমি পেশাদারভাবে ট্যারো কনসাল্টেশন প্রদান করতে পারব?","হ্যাঁ। অনেক শিক্ষার্থী ব্যক্তিগত কনসাল্টেশন, কর্মশালা ও অনলাইন সেশনের জন্য ট্যারো পাঠ দক্ষতা ব্যবহার করেন।"
tarot-card,bn,9,"ক্লাসগুলি কীভাবে পরিচালিত হয়?","ক্লাসে পরিচালিত প্রদর্শন, ব্যবহারিক অনুশীলন, পাঠ অনুশীলন ও ব্যাখ্যা প্রশিক্ষণ অন্তর্ভুক্ত রয়েছে।"
tarot-card,bn,10,"সম্পন্ন হওয়ার পরে কি সার্টিফিকেট দেওয়া হয়?","হ্যাঁ। শিক্ষার্থীরা একটি কোর্স সম্পূর্ণতা সার্টিফিকেট পান।"
numerology,en,1,"Do I need any prior experience to learn Numerology?","No. The course is beginner-friendly and teaches numerology concepts from the foundation level."
numerology,en,2,"What numerology concepts are covered?","Students learn life path numbers, destiny numbers, name numbers, compatibility analysis, and practical interpretation methods."
numerology,en,3,"Is numerology difficult to understand?","No. The course simplifies calculations and interpretations through step-by-step instruction and examples."
numerology,en,4,"Will I learn how to analyze names and dates of birth?","Yes. Students learn practical methods for interpreting names, birth dates, and number combinations."
numerology,en,5,"Can numerology help in relationship and compatibility analysis?","Yes. Compatibility analysis is one of the key topics included in the course."
numerology,en,6,"Does the course cover business and brand numerology?","Yes. Students learn how numerology can be applied to business names, branding, and decision-making."
numerology,en,7,"Can I use numerology professionally after completing the course?","Yes. The course prepares students for consultation-based applications and professional guidance."
numerology,en,8,"Will practical examples be included?","Yes. Students work on real-life examples, names, dates, and case studies."
numerology,en,9,"Can numerology be used for personal growth?","Absolutely. Numerology helps individuals better understand personality traits, strengths, and life direction."
numerology,en,10,"Is certification provided after course completion?","Yes. Students receive a course completion certificate upon successful completion."
numerology,hi,1,"क्या न्यूमरोलॉजी सीखने के लिए मुझे किसी पूर्व अनुभव की आवश्यकता है?","नहीं। यह कोर्स शुरुआती लोगों के अनुकूल है और मूल स्तर से न्यूमरोलॉजी की अवधारणाएं सिखाता है।"
numerology,hi,2,"कौन सी न्यूमरोलॉजी अवधारणाएं कवर की गई हैं?","छात्र जीवन पथ संख्या, भाग्य संख्या, नाम संख्या, संगतता विश्लेषण, और व्यावहारिक व्याख्या विधियां सीखते हैं।"
numerology,hi,3,"क्या न्यूमरोलॉजी समझना मुश्किल है?","नहीं। यह कोर्स चरण-दर-चरण निर्देश और उदाहरणों के माध्यम से गणनाओं और व्याख्याओं को सरल बनाता है।"
numerology,hi,4,"क्या मैं नाम और जन्म तिथियों का विश्लेषण करना सीखूंगा?","हां। छात्र नामों, जन्म तिथियों, और संख्या संयोजनों की व्याख्या के लिए व्यावहारिक तरीके सीखते हैं।"
numerology,hi,5,"क्या न्यूमरोलॉजी रिश्ते और संगतता विश्लेषण में मदद कर सकती है?","हां। संगतता विश्लेषण कोर्स में शामिल प्रमुख विषयों में से एक है।"
numerology,hi,6,"क्या कोर्स बिजनेस और ब्रांड न्यूमरोलॉजी को कवर करता है?","हां। छात्र सीखते हैं कि बिजनेस नामों, ब्रांडिंग, और निर्णय लेने पर न्यूमरोलॉजी कैसे लागू की जा सकती है।"
numerology,hi,7,"क्या मैं कोर्स पूरा करने के बाद पेशेवर रूप से न्यूमरोलॉजी का उपयोग कर सकता हूं?","हां। यह कोर्स छात्रों को परामर्श-आधारित अनुप्रयोगों और पेशेवर मार्गदर्शन के लिए तैयार करता है।"
numerology,hi,8,"क्या व्यावहारिक उदाहरण शामिल किए जाएंगे?","हां। छात्र वास्तविक जीवन के उदाहरणों, नामों, तिथियों, और केस स्टडीज पर काम करते हैं।"
numerology,hi,9,"क्या न्यूमरोलॉजी का उपयोग व्यक्तिगत विकास के लिए किया जा सकता है?","बिल्कुल। न्यूमरोलॉजी व्यक्तियों को व्यक्तित्व लक्षणों, ताकत, और जीवन की दिशा को बेहतर ढंग से समझने में मदद करती है।"
numerology,hi,10,"क्या कोर्स पूरा होने के बाद प्रमाणपत्र दिया जाता है?","हां। छात्रों को सफलतापूर्वक पूरा होने पर एक कोर्स पूरा होने का प्रमाणपत्र मिलता है।"
numerology,bn,1,"নিউমেরোলজি শিখতে কি আমার পূর্ব অভিজ্ঞতার প্রয়োজন?","না। কোর্সটি নতুনদের জন্য উপযোগী এবং মৌলিক স্তর থেকে নিউমেরোলজির ধারণা শেখায়।"
numerology,bn,2,"কোন কোন নিউমেরোলজি ধারণা অন্তর্ভুক্ত?","শিক্ষার্থীরা লাইফ পাথ সংখ্যা, ডেস্টিনি সংখ্যা, নাম সংখ্যা, সামঞ্জস্য বিশ্লেষণ ও ব্যবহারিক ব্যাখ্যা পদ্ধতি শেখেন।"
numerology,bn,3,"নিউমেরোলজি কি বুঝতে কঠিন?","না। কোর্সটি ধাপে ধাপে নির্দেশনা ও উদাহরণের মাধ্যমে গণনা ও ব্যাখ্যাকে সহজ করে।"
numerology,bn,4,"নাম ও জন্ম তারিখ বিশ্লেষণ কীভাবে করতে হয় তা কি আমি শিখব?","হ্যাঁ। শিক্ষার্থীরা নাম, জন্ম তারিখ ও সংখ্যা সংমিশ্রণ ব্যাখ্যার জন্য ব্যবহারিক পদ্ধতি শেখেন।"
numerology,bn,5,"নিউমেরোলজি কি সম্পর্ক ও সামঞ্জস্য বিশ্লেষণে সাহায্য করতে পারে?","হ্যাঁ। সামঞ্জস্য বিশ্লেষণ কোর্সে অন্তর্ভুক্ত মূল বিষয়গুলির একটি।"
numerology,bn,6,"কোর্সে কি ব্যবসা ও ব্র্যান্ড নিউমেরোলজি অন্তর্ভুক্ত?","হ্যাঁ। শিক্ষার্থীরা শেখেন কীভাবে নিউমেরোলজি ব্যবসার নাম, ব্র্যান্ডিং ও সিদ্ধান্ত গ্রহণে প্রয়োগ করা যায়।"
numerology,bn,7,"কোর্স সম্পূর্ণ করার পরে কি আমি পেশাদারভাবে নিউমেরোলজি ব্যবহার করতে পারব?","হ্যাঁ। কোর্সটি শিক্ষার্থীদের কনসাল্টেশন-ভিত্তিক প্রয়োগ ও পেশাদার পথনির্দেশের জন্য প্রস্তুত করে।"
numerology,bn,8,"ব্যবহারিক উদাহরণ কি অন্তর্ভুক্ত হবে?","হ্যাঁ। শিক্ষার্থীরা বাস্তব জীবনের উদাহরণ, নাম, তারিখ ও কেস স্টাডিজে কাজ করেন।"
numerology,bn,9,"নিউমেরোলজি কি ব্যক্তিগত বিকাশের জন্য ব্যবহার করা যায়?","অবশ্যই। নিউমেরোলজি ব্যক্তিদের ব্যক্তিত্বের বৈশিষ্ট্য, শক্তি ও জীবনের দিক ভালোভাবে বুঝতে সাহায্য করে।"
numerology,bn,10,"কোর্স সম্পন্ন হওয়ার পরে কি সার্টিফিকেট দেওয়া হয়?","হ্যাঁ। শিক্ষার্থীরা সফল সমাপ্তির পরে একটি কোর্স সম্পূর্ণতা সার্টিফিকেট পান।"
palmistry,en,1,"Is this palmistry course suitable for beginners?","Yes. The course starts with the fundamentals and gradually progresses to advanced interpretation techniques."
palmistry,en,2,"What will I learn in the course?","Students learn hand shapes, mounts, major lines, minor lines, markings, and interpretive principles used in palm reading."
palmistry,en,3,"Will I learn how to identify personality traits through palmistry?","Yes. The course teaches how various hand features are associated with personality tendencies and behavioral patterns."
palmistry,en,4,"Is palmistry based only on intuition?","No. Palmistry combines observation, traditional knowledge, and structured interpretation methods."
palmistry,en,5,"Will practical hand-reading examples be included?","Yes. Students learn through visual examples, guided exercises, and practical case studies."
palmistry,en,6,"Can I perform palm readings professionally after completing the course?","Yes. The course is designed to help students develop confidence in offering palmistry consultations."
palmistry,en,7,"Do I need special tools or equipment?","No. Palmistry can be learned using photographs, diagrams, and practical observation techniques."
palmistry,en,8,"Can palmistry be used for personal self-awareness?","Absolutely. Palmistry provides insight into strengths, tendencies, and personal development patterns."
palmistry,en,9,"How are classes conducted?","Classes include demonstrations, interpretation training, practical exercises, and case-based learning."
palmistry,en,10,"Is certification provided after completion?","Yes. Students receive a course completion certificate."
palmistry,hi,1,"क्या यह हस्तरेखा कोर्स शुरुआती लोगों के लिए उपयुक्त है?","हां। यह कोर्स मूल बातों से शुरू होता है और धीरे-धीरे उन्नत व्याख्या तकनीकों की ओर बढ़ता है।"
palmistry,hi,2,"मैं कोर्स में क्या सीखूंगा?","छात्र हस्तरेखा पठन में उपयोग किए जाने वाले हाथ के आकार, पर्वत, प्रमुख रेखाएं, गौण रेखाएं, चिह्न, और व्याख्यात्मक सिद्धांत सीखते हैं।"
palmistry,hi,3,"क्या मैं हस्तरेखा के माध्यम से व्यक्तित्व लक्षणों की पहचान करना सीखूंगा?","हां। यह कोर्स सिखाता है कि विभिन्न हाथ की विशेषताएं व्यक्तित्व प्रवृत्तियों और व्यवहार पैटर्न से कैसे जुड़ी हुई हैं।"
palmistry,hi,4,"क्या हस्तरेखा केवल अंतर्ज्ञान पर आधारित है?","नहीं। हस्तरेखा अवलोकन, पारंपरिक ज्ञान, और संरचित व्याख्या विधियों को जोड़ती है।"
palmistry,hi,5,"क्या व्यावहारिक हस्तरेखा पठन उदाहरण शामिल किए जाएंगे?","हां। छात्र दृश्य उदाहरणों, निर्देशित अभ्यासों, और व्यावहारिक केस स्टडीज के माध्यम से सीखते हैं।"
palmistry,hi,6,"क्या मैं कोर्स पूरा करने के बाद पेशेवर रूप से हस्तरेखा पठन कर सकता हूं?","हां। यह कोर्स छात्रों को हस्तरेखा परामर्श प्रदान करने में आत्मविश्वास विकसित करने में मदद करने के लिए डिज़ाइन किया गया है।"
palmistry,hi,7,"क्या मुझे विशेष उपकरण की आवश्यकता है?","नहीं। हस्तरेखा को तस्वीरों, आरेखों, और व्यावहारिक अवलोकन तकनीकों का उपयोग करके सीखा जा सकता है।"
palmistry,hi,8,"क्या हस्तरेखा का उपयोग व्यक्तिगत आत्म-जागरूकता के लिए किया जा सकता है?","बिल्कुल। हस्तरेखा ताकत, प्रवृत्तियों, और व्यक्तिगत विकास पैटर्न में अंतर्दृष्टि प्रदान करती है।"
palmistry,hi,9,"कक्षाएं कैसे संचालित की जाती हैं?","कक्षाओं में प्रदर्शन, व्याख्या प्रशिक्षण, व्यावहारिक अभ्यास, और केस-आधारित सीखना शामिल है।"
palmistry,hi,10,"क्या पूरा होने के बाद प्रमाणपत्र दिया जाता है?","हां। छात्र कोर्स पूरा होने का प्रमाणपत्र प्राप्त करते हैं।"
palmistry,bn,1,"এই হস্তরেখা কোর্সটি কি নতুনদের জন্য উপযুক্ত?","হ্যাঁ। কোর্সটি মৌলিক বিষয় দিয়ে শুরু হয় এবং ধীরে ধীরে উন্নত ব্যাখ্যা কৌশলের দিকে অগ্রসর হয়।"
palmistry,bn,2,"কোর্সে আমি কী শিখব?","শিক্ষার্থীরা হস্তরেখা পাঠে ব্যবহৃত হাতের আকার, পর্বত, প্রধান রেখা, গৌণ রেখা, চিহ্ন ও ব্যাখ্যামূলক নীতি শেখেন।"
palmistry,bn,3,"হস্তরেখার মাধ্যমে ব্যক্তিত্বের বৈশিষ্ট্য কীভাবে চিহ্নিত করতে হয় তা কি আমি শিখব?","হ্যাঁ। কোর্সটি শেখায় কীভাবে বিভিন্ন হাতের বৈশিষ্ট্য ব্যক্তিত্বের প্রবণতা ও আচরণগত ধরণের সাথে সম্পর্কিত।"
palmistry,bn,4,"হস্তরেখা কি শুধুমাত্র অন্তর্দৃষ্টির উপর ভিত্তি করে?","না। হস্তরেখা পর্যবেক্ষণ, ঐতিহ্যবাহী জ্ঞান ও কাঠামোগত ব্যাখ্যা পদ্ধতির সমন্বয়।"
palmistry,bn,5,"ব্যবহারিক হস্তরেখা পাঠের উদাহরণ কি অন্তর্ভুক্ত হবে?","হ্যাঁ। শিক্ষার্থীরা চাক্ষুষ উদাহরণ, পরিচালিত অনুশীলন ও ব্যবহারিক কেস স্টাডিজের মাধ্যমে শেখেন।"
palmistry,bn,6,"কোর্স সম্পূর্ণ করার পরে কি আমি পেশাদারভাবে হস্তরেখা পাঠ করতে পারব?","হ্যাঁ। কোর্সটি শিক্ষার্থীদের হস্তরেখা কনসাল্টেশন প্রদানে আত্মবিশ্বাস বিকাশে সাহায্য করার জন্য ডিজাইন করা হয়েছে।"
palmistry,bn,7,"আমার কি বিশেষ সরঞ্জাম প্রয়োজন?","না। হস্তরেখা ছবি, চিত্র ও ব্যবহারিক পর্যবেক্ষণ কৌশল ব্যবহার করে শেখা যায়।"
palmistry,bn,8,"হস্তরেখা কি ব্যক্তিগত আত্ম-সচেতনতার জন্য ব্যবহার করা যেতে পারে?","অবশ্যই। হস্তরেখা শক্তি, প্রবণতা ও ব্যক্তিগত বিকাশের ধরণ সম্পর্কে অন্তর্দৃষ্টি প্রদান করে।"
palmistry,bn,9,"ক্লাসগুলি কীভাবে পরিচালিত হয়?","ক্লাসে প্রদর্শন, ব্যাখ্যা প্রশিক্ষণ, ব্যবহারিক অনুশীলন ও কেস-ভিত্তিক শিক্ষাদান অন্তর্ভুক্ত।"
palmistry,bn,10,"সম্পন্ন হওয়ার পরে কি সার্টিফিকেট দেওয়া হয়?","হ্যাঁ। শিক্ষার্থীরা একটি কোর্স সম্পূর্ণতা সার্টিফিকেট পান।"
vastu-shastra,en,1,"Do I need any prior knowledge to learn Vastu Shastra?","No. The course is suitable for beginners and starts with the fundamental principles of Vastu."
vastu-shastra,en,2,"What topics are covered in the course?","Students learn directions, elemental zones, energy flow, layout analysis, defects, remedies, and residential and commercial Vastu principles."
vastu-shastra,en,3,"Will I learn how to analyze homes and offices?","Yes. The course includes practical methods for analyzing residential, commercial, and workplace environments."
vastu-shastra,en,4,"Does Vastu always require structural modifications?","No. Many remedies taught in the course can be applied without major construction or renovation."
vastu-shastra,en,5,"Can Vastu principles be applied to apartments and modern buildings?","Yes. The course explains how traditional Vastu principles can be adapted to contemporary spaces."
vastu-shastra,en,6,"Will practical case studies be included?","Yes. Students learn through layout analysis, examples, and real-world consultation scenarios."
vastu-shastra,en,7,"Can I use Vastu professionally after completing the course?","Yes. Students can provide Vastu guidance and consultation services after gaining sufficient practice."
vastu-shastra,en,8,"Is Vastu useful for personal and family well-being?","Absolutely. Many people use Vastu principles to improve harmony, productivity, and overall balance in their environments."
vastu-shastra,en,9,"How are classes conducted?","Classes include practical explanations, directional analysis, case studies, and solution-oriented learning."
vastu-shastra,en,10,"Is certification provided after course completion?","Yes. Students who successfully complete the course receive a course completion certificate."
vastu-shastra,hi,1,"क्या वास्तु शास्त्र सीखने के लिए मुझे किसी पूर्व ज्ञान की आवश्यकता है?","नहीं। यह कोर्स शुरुआती लोगों के लिए उपयुक्त है और वास्तु के मूल सिद्धांतों से शुरू होता है।"
vastu-shastra,hi,2,"कोर्स में कौन से विषय कवर किए गए हैं?","छात्र दिशाएं, तत्व क्षेत्र, ऊर्जा प्रवाह, लेआउट विश्लेषण, दोष, उपाय, और आवासीय और वाणिज्यिक वास्तु सिद्धांत सीखते हैं।"
vastu-shastra,hi,3,"क्या मैं घरों और कार्यालयों का विश्लेषण करना सीखूंगा?","हां। यह कोर्स आवासीय, वाणिज्यिक, और कार्यस्थल वातावरण का विश्लेषण करने के लिए व्यावहारिक तरीकों को शामिल करता है।"
vastu-shastra,hi,4,"क्या वास्तु को हमेशा संरचनात्मक संशोधनों की आवश्यकता होती है?","नहीं। कोर्स में सिखाए गए कई उपाय बड़े निर्माण या नवीनीकरण के बिना लागू किए जा सकते हैं।"
vastu-shastra,hi,5,"क्या वास्तु सिद्धांत अपार्टमेंट और आधुनिक इमारतों पर लागू किए जा सकते हैं?","हां। यह कोर्स बताता है कि पारंपरिक वास्तु सिद्धांतों को समकालीन स्थानों के लिए कैसे अनुकूलित किया जा सकता है।"
vastu-shastra,hi,6,"क्या व्यावहारिक केस स्टडीज शामिल किए जाएंगे?","हां। छात्र लेआउट विश्लेषण, उदाहरणों, और वास्तविक दुनिया के परामर्श परिदृश्यों के माध्यम से सीखते हैं।"
vastu-shastra,hi,7,"क्या मैं कोर्स पूरा करने के बाद पेशेवर रूप से वास्तु का उपयोग कर सकता हूं?","हां। छात्र पर्याप्त अभ्यास प्राप्त करने के बाद वास्तु मार्गदर्शन और परामर्श सेवाएं प्रदान कर सकते हैं।"
vastu-shastra,hi,8,"क्या वास्तु व्यक्तिगत और पारिवारिक भलाई के लिए उपयोगी है?","बिल्कुल। कई लोग अपने वातावरण में सद्भाव, उत्पादकता, और समग्र संतुलन में सुधार के लिए वास्तु सिद्धांतों का उपयोग करते हैं।"
vastu-shastra,hi,9,"कक्षाएं कैसे संचालित की जाती हैं?","कक्षाओं में व्यावहारिक स्पष्टीकरण, दिशात्मक विश्लेषण, केस स्टडीज, और समाधान-उन्मुख सीखना शामिल है।"
vastu-shastra,hi,10,"क्या कोर्स पूरा होने के बाद प्रमाणपत्र दिया जाता है?","हां। जो छात्र सफलतापूर्वक कोर्स पूरा करते हैं, उन्हें कोर्स पूरा होने का प्रमाणपत्र मिलता है।"
vastu-shastra,bn,1,"বাস্তু শাস্ত্র শিখতে কি আমার কোনো পূর্ব জ্ঞানের প্রয়োজন আছে?","না। কোর্সটি নতুনদের জন্য উপযুক্ত এবং বাস্তুর মৌলিক নীতি দিয়ে শুরু হয়।"
vastu-shastra,bn,2,"কোর্সে কোন বিষয়গুলি অন্তর্ভুক্ত?","শিক্ষার্থীরা দিকনির্দেশ, মৌলিক অঞ্চল, শক্তি প্রবাহ, লেআউট বিশ্লেষণ, ত্রুটি, প্রতিকার এবং আবাসিক ও বাণিজ্যিক বাস্তু নীতি শেখেন।"
vastu-shastra,bn,3,"ঘর ও অফিস বিশ্লেষণ কীভাবে করতে হয় তা কি আমি শিখব?","হ্যাঁ। কোর্সে আবাসিক, বাণিজ্যিক ও কর্মস্থল পরিবেশ বিশ্লেষণের ব্যবহারিক পদ্ধতি অন্তর্ভুক্ত।"
vastu-shastra,bn,4,"বাস্তুতে কি সবসময় কাঠামোগত পরিবর্তনের প্রয়োজন?","না। কোর্সে শেখানো অনেক প্রতিকার বড় নির্মাণ বা সংস্কার ছাড়াই প্রয়োগ করা যায়।"
vastu-shastra,bn,5,"বাস্তু নীতি কি অ্যাপার্টমেন্ট ও আধুনিক ভবনে প্রয়োগ করা যায়?","হ্যাঁ। কোর্সটি ব্যাখ্যা করে কীভাবে ঐতিহ্যবাহী বাস্তু নীতি সমকালীন স্থানের জন্য অভিযোজিত করা যায়।"
vastu-shastra,bn,6,"ব্যবহারিক কেস স্টাডিজ কি অন্তর্ভুক্ত হবে?","হ্যাঁ। শিক্ষার্থীরা লেআউট বিশ্লেষণ, উদাহরণ ও বাস্তব জগতের কনসাল্টেশন পরিস্থিতির মাধ্যমে শেখেন।"
vastu-shastra,bn,7,"কোর্স সম্পূর্ণ করার পরে কি আমি পেশাদারভাবে বাস্তু ব্যবহার করতে পারব?","হ্যাঁ। পর্যাপ্ত অনুশীলন অর্জনের পরে শিক্ষার্থীরা বাস্তু পথনির্দেশ ও কনসাল্টেশন পরিষেবা প্রদান করতে পারেন।"
vastu-shastra,bn,8,"বাস্তু কি ব্যক্তিগত ও পারিবারিক কল্যাণের জন্য উপযোগী?","অবশ্যই। অনেকে তাদের পরিবেশে সাদৃশ্য, উৎপাদনশীলতা ও সামগ্রিক ভারসাম্য উন্নত করতে বাস্তু নীতি ব্যবহার করেন।"
vastu-shastra,bn,9,"ক্লাসগুলি কীভাবে পরিচালিত হয়?","ক্লাসে ব্যবহারিক ব্যাখ্যা, দিকনির্দেশনামূলক বিশ্লেষণ, কেস স্টাডিজ ও সমাধান-ভিত্তিক শিক্ষাদান অন্তর্ভুক্ত।"
vastu-shastra,bn,10,"কোর্স সম্পন্ন হওয়ার পরে কি সার্টিফিকেট দেওয়া হয়?","হ্যাঁ। যে শিক্ষার্থীরা সফলভাবে কোর্স সম্পন্ন করেন তারা একটি কোর্স সম্পূর্ণতা সার্টিফিকেট পান।"
crystal-healing,en,1,"Do I need any prior knowledge to learn Crystal Healing?","No. This course is designed for complete beginners as well as individuals who wish to deepen their knowledge of crystal energy and healing practices."
crystal-healing,en,2,"Will I learn how to choose the right crystal?","Yes. You will learn how to identify different crystals, understand their properties, and select appropriate crystals for specific intentions, chakras, and healing goals."
crystal-healing,en,3,"Are crystals scientifically proven to heal?","Crystal healing is considered a complementary and spiritual wellness practice. The course focuses on traditional and energy-based applications rather than medical treatment."
crystal-healing,en,4,"Will I learn how to cleanse and charge crystals?","Yes. The course covers various methods of cleansing, charging, activating, and maintaining crystals to ensure effective use."
crystal-healing,en,5,"Can I use crystal healing for myself and my family?","Absolutely. Students learn self-healing techniques as well as methods that can be applied responsibly for friends, family members, and clients."
crystal-healing,en,6,"Will the course teach crystal grids and manifestation techniques?","Yes. You will learn how to create crystal grids, set intentions, and use crystals for manifestation, meditation, and energy balancing."
crystal-healing,en,7,"Can I build a professional career after completing the course?","Yes. Many students use crystal healing skills to offer wellness consultations, holistic healing sessions, workshops, and online coaching services."
crystal-healing,en,8,"Is certification provided after course completion?","Yes. Students who successfully complete the course requirements will receive a course completion certificate."
crystal-healing,en,9,"How are the classes conducted?","Classes are conducted online through structured lessons, demonstrations, practical exercises, and guided learning sessions."
crystal-healing,hi,1,"क्या क्रिस्टल हीलिंग सीखने के लिए मुझे किसी पूर्व ज्ञान की आवश्यकता है?","नहीं। यह कोर्स पूर्ण शुरुआती लोगों के लिए डिज़ाइन किया गया है, साथ ही उन व्यक्तियों के लिए भी जो क्रिस्टल ऊर्जा और उपचार प्रथाओं के अपने ज्ञान को गहरा करना चाहते हैं।"
crystal-healing,hi,2,"क्या मैं सीखूंगा कि सही क्रिस्टल कैसे चुनें?","हां। आप विभिन्न क्रिस्टलों की पहचान करना, उनके गुणों को समझना, और विशिष्ट इरादों, चक्रों, और उपचार लक्ष्यों के लिए उपयुक्त क्रिस्टल चुनना सीखेंगे।"
crystal-healing,hi,3,"क्या क्रिस्टल वैज्ञानिक रूप से उपचार के लिए सिद्ध हैं?","क्रिस्टल हीलिंग को एक पूरक और आध्यात्मिक स्वास्थ्य अभ्यास माना जाता है। यह कोर्स चिकित्सा उपचार के बजाय पारंपरिक और ऊर्जा-आधारित अनुप्रयोगों पर केंद्रित है।"
crystal-healing,hi,4,"क्या मैं सीखूंगा कि क्रिस्टल को कैसे शुद्ध और चार्ज किया जाए?","हां। कोर्स प्रभावी उपयोग सुनिश्चित करने के लिए क्रिस्टल को शुद्ध करने, चार्ज करने, सक्रिय करने, और बनाए रखने के विभिन्न तरीकों को कवर करता है।"
crystal-healing,hi,5,"क्या मैं अपने और अपने परिवार के लिए क्रिस्टल हीलिंग का उपयोग कर सकता हूं?","बिल्कुल। छात्र स्वयं-उपचार तकनीकें सीखते हैं, साथ ही ऐसे तरीके जो दोस्तों, परिवार के सदस्यों, और ग्राहकों के लिए जिम्मेदारी से लागू किए जा सकते हैं।"
crystal-healing,hi,6,"क्या यह कोर्स क्रिस्टल ग्रिड और मेनिफेस्टेशन तकनीक सिखाएगा?","हां। आप क्रिस्टल ग्रिड बनाना, इरादे निर्धारित करना, और मेनिफेस्टेशन, ध्यान, और ऊर्जा संतुलन के लिए क्रिस्टल का उपयोग करना सीखेंगे।"
crystal-healing,hi,7,"क्या मैं कोर्स पूरा करने के बाद एक पेशेवर करियर बना सकता हूं?","हां। कई छात्र वेलनेस परामर्श, समग्र उपचार सत्र, कार्यशालाएं, और ऑनलाइन कोचिंग सेवाएं प्रदान करने के लिए क्रिस्टल हीलिंग कौशल का उपयोग करते हैं।"
crystal-healing,hi,8,"क्या कोर्स पूरा होने के बाद प्रमाणपत्र दिया जाता है?","हां। जो छात्र सफलतापूर्वक कोर्स की आवश्यकताओं को पूरा करते हैं, उन्हें कोर्स पूरा करने का प्रमाणपत्र मिलेगा।"
crystal-healing,hi,9,"कक्षाएं कैसे संचालित की जाती हैं?","कक्षाएं संरचित पाठों, प्रदर्शनों, व्यावहारिक अभ्यासों, और निर्देशित सीखने के सत्रों के माध्यम से ऑनलाइन संचालित की जाती हैं।"
crystal-healing,bn,1,"ক্রিস্টাল হিলিং শিখতে কি আমার কোনো পূর্ব জ্ঞানের প্রয়োজন আছে?","না। এই কোর্সটি সম্পূর্ণ নতুনদের পাশাপাশি যারা ক্রিস্টাল শক্তি ও নিরাময় অনুশীলন সম্পর্কে আরও জানতে চান তাদের জন্য ডিজাইন করা হয়েছে।"
crystal-healing,bn,2,"আমি কি সঠিক ক্রিস্টাল কীভাবে নির্বাচন করতে হয় তা শিখব?","হ্যাঁ। আপনি বিভিন্ন ক্রিস্টাল চিনতে, তাদের বৈশিষ্ট্য বুঝতে, এবং নির্দিষ্ট উদ্দেশ্য, চক্র ও নিরাময় লক্ষ্যের জন্য উপযুক্ত ক্রিস্টাল নির্বাচন করতে শিখবেন।"
crystal-healing,bn,3,"ক্রিস্টাল কি বৈজ্ঞানিকভাবে নিরাময়ের জন্য প্রমাণিত?","ক্রিস্টাল হিলিংকে একটি পরিপূরক ও আধ্যাত্মিক স্বাস্থ্য অনুশীলন হিসেবে বিবেচনা করা হয়। কোর্সটি চিকিৎসার পরিবর্তে ঐতিহ্যবাহী ও শক্তি-ভিত্তিক প্রয়োগের উপর কেন্দ্রীভূত।"
crystal-healing,bn,4,"ক্রিস্টাল কীভাবে পরিষ্কার ও চার্জ করতে হয় তা কি আমি শিখব?","হ্যাঁ। কার্যকর ব্যবহার নিশ্চিত করতে কোর্সে ক্রিস্টাল পরিষ্কার, চার্জ, সক্রিয়করণ ও রক্ষণাবেক্ষণের বিভিন্ন পদ্ধতি অন্তর্ভুক্ত রয়েছে।"
crystal-healing,bn,5,"আমি কি নিজের ও পরিবারের জন্য ক্রিস্টাল হিলিং ব্যবহার করতে পারব?","অবশ্যই। শিক্ষার্থীরা আত্ম-নিরাময়ের কৌশলগুলি শেখেন, পাশাপাশি বন্ধু, পরিবারের সদস্য ও ক্লায়েন্টদের জন্য দায়িত্বশীলভাবে প্রয়োগ করা যেতে পারে এমন পদ্ধতিগুলিও শেখেন।"
crystal-healing,bn,6,"এই কোর্সে কি ক্রিস্টাল গ্রিড ও ম্যানিফেস্টেশন কৌশল শেখানো হবে?","হ্যাঁ। আপনি ক্রিস্টাল গ্রিড তৈরি করতে, উদ্দেশ্য নির্ধারণ করতে, এবং ম্যানিফেস্টেশন, ধ্যান ও শক্তি ভারসাম্যের জন্য ক্রিস্টাল ব্যবহার করতে শিখবেন।"
crystal-healing,bn,7,"কোর্স সম্পূর্ণ করার পরে কি আমি একটি পেশাদার ক্যারিয়ার গড়তে পারব?","হ্যাঁ। অনেক শিক্ষার্থী ওয়েলনেস কনসাল্টেশন, সামগ্রিক নিরাময় সেশন, কর্মশালা ও অনলাইন কোচিং পরিষেবা প্রদানে ক্রিস্টাল হিলিং দক্ষতা ব্যবহার করেন।"
crystal-healing,bn,8,"কোর্স সম্পন্ন হওয়ার পরে কি সার্টিফিকেট দেওয়া হয়?","হ্যাঁ। যে শিক্ষার্থীরা কোর্সের প্রয়োজনীয়তা সফলভাবে পূরণ করেন তারা একটি কোর্স সম্পূর্ণতা সার্টিফিকেট পাবেন।"
crystal-healing,bn,9,"ক্লাসগুলি কীভাবে পরিচালিত হয়?","ক্লাসগুলি অনলাইনে কাঠামোগত পাঠ, প্রদর্শন, ব্যবহারিক অনুশীলন ও পরিচালিত শিক্ষাদানের মাধ্যমে পরিচালিত হয়।"
reiki-healing,en,1,"What is Reiki Healing?","Reiki is a Japanese energy healing technique that focuses on promoting relaxation, stress reduction, and overall energetic balance through gentle energy channeling methods."
reiki-healing,en,2,"Is this course suitable for beginners?","Yes. The course starts with fundamental Reiki concepts and gradually progresses to practical healing techniques."
reiki-healing,en,3,"Do I need any spiritual background to learn Reiki?","No. Reiki can be learned by anyone regardless of their spiritual, religious, or professional background."
reiki-healing,en,4,"Will I learn self-healing techniques?","Yes. Self-healing is one of the core components of Reiki training, and students learn how to apply Reiki for their own well-being."
reiki-healing,en,5,"Can Reiki be performed remotely?","Yes. The course introduces the principles and techniques of distance healing, which is an important aspect of advanced Reiki practice."
reiki-healing,en,6,"Will I learn chakra balancing through Reiki?","Yes. Students learn how Reiki energy can be used to support chakra balancing and energy harmonization."
reiki-healing,en,7,"Can Reiki be used alongside other wellness practices?","Yes. Reiki is commonly integrated with meditation, yoga, holistic wellness, counseling, and other complementary practices."
reiki-healing,en,8,"Can I become a professional Reiki practitioner after this course?","Yes. With proper training and practice, students can offer Reiki sessions, wellness consultations, workshops, and holistic healing services."
reiki-healing,en,9,"Is certification provided after completion?","Yes. Students who successfully complete the course requirements receive a recognized course completion certificate."
reiki-healing,en,10,"How is Reiki taught in the online format?","The course includes guided lessons, demonstrations, practical exercises, energy-work training, and instructor support to help students develop confidence in Reiki practice."
reiki-healing,hi,1,"रेकी हीलिंग क्या है?","रेकी एक जापानी ऊर्जा उपचार तकनीक है जो कोमल ऊर्जा चैनलिंग विधियों के माध्यम से विश्राम, तनाव में कमी, और समग्र ऊर्जावान संतुलन को बढ़ावा देने पर केंद्रित है।"
reiki-healing,hi,2,"क्या यह कोर्स शुरुआती लोगों के लिए उपयुक्त है?","हां। यह कोर्स मूलभूत रेकी अवधारणाओं से शुरू होता है और धीरे-धीरे व्यावहारिक उपचार तकनीकों की ओर बढ़ता है।"
reiki-healing,hi,3,"क्या रेकी सीखने के लिए मुझे किसी आध्यात्मिक पृष्ठभूमि की आवश्यकता है?","नहीं। रेकी कोई भी सीख सकता है, चाहे उनकी आध्यात्मिक, धार्मिक, या पेशेवर पृष्ठभूमि कुछ भी हो।"
reiki-healing,hi,4,"क्या मैं स्वयं-उपचार तकनीकें सीखूंगा?","हां। स्वयं-उपचार रेकी प्रशिक्षण के मुख्य घटकों में से एक है, और छात्र अपनी भलाई के लिए रेकी लागू करना सीखते हैं।"
reiki-healing,hi,5,"क्या रेकी दूर से किया जा सकता है?","हां। यह कोर्स दूरी उपचार के सिद्धांतों और तकनीकों का परिचय देता है, जो उन्नत रेकी अभ्यास का एक महत्वपूर्ण पहलू है।"
reiki-healing,hi,6,"क्या मैं रेकी के माध्यम से चक्र संतुलन सीखूंगा?","हां। छात्र सीखते हैं कि कैसे रेकी ऊर्जा का उपयोग चक्र संतुलन और ऊर्जा सामंजस्य का समर्थन करने के लिए किया जा सकता है।"
reiki-healing,hi,7,"क्या रेकी का उपयोग अन्य वेलनेस प्रथाओं के साथ किया जा सकता है?","हां। रेकी को आमतौर पर ध्यान, योग, समग्र वेलनेस, परामर्श, और अन्य पूरक प्रथाओं के साथ एकीकृत किया जाता है।"
reiki-healing,hi,8,"क्या मैं इस कोर्स के बाद एक पेशेवर रेकी प्रैक्टिशनर बन सकता हूं?","हां। उचित प्रशिक्षण और अभ्यास के साथ, छात्र रेकी सत्र, वेलनेस परामर्श, कार्यशालाएं, और समग्र उपचार सेवाएं प्रदान कर सकते हैं।"
reiki-healing,hi,9,"क्या पूरा होने के बाद प्रमाणपत्र दिया जाता है?","हां। जो छात्र सफलतापूर्वक कोर्स की आवश्यकताओं को पूरा करते हैं, उन्हें मान्यता प्राप्त कोर्स पूरा होने का प्रमाणपत्र मिलता है।"
reiki-healing,hi,10,"रेकी को ऑनलाइन प्रारूप में कैसे पढ़ाया जाता है?","कोर्स में निर्देशित पाठ, प्रदर्शन, व्यावहारिक अभ्यास, ऊर्जा-कार्य प्रशिक्षण, और प्रशिक्षक सहायता शामिल हैं ताकि छात्रों को रेकी अभ्यास में आत्मविश्वास विकसित करने में मदद मिल सके।"
reiki-healing,bn,1,"রেইকি হিলিং কী?","রেইকি একটি জাপানি শক্তি নিরাময় কৌশল যা মৃদু শক্তি চ্যানেলিং পদ্ধতির মাধ্যমে শিথিলতা, চাপ হ্রাস ও সামগ্রিক শক্তি ভারসাম্যের উন্নয়নের উপর কেন্দ্রীভূত।"
reiki-healing,bn,2,"এই কোর্সটি কি নতুনদের জন্য উপযুক্ত?","হ্যাঁ। কোর্সটি মৌলিক রেইকি ধারণা দিয়ে শুরু হয় এবং ধীরে ধীরে ব্যবহারিক নিরাময় কৌশলের দিকে অগ্রসর হয়।"
reiki-healing,bn,3,"রেইকি শিখতে কি আমার কোনো আধ্যাত্মিক পটভূমির প্রয়োজন?","না। আধ্যাত্মিক, ধর্মীয় বা পেশাদার পটভূমি নির্বিশেষে যে কেউ রেইকি শিখতে পারেন।"
reiki-healing,bn,4,"আমি কি আত্ম-নিরাময়ের কৌশল শিখব?","হ্যাঁ। আত্ম-নিরাময় রেইকি প্রশিক্ষণের মূল উপাদানগুলির একটি, এবং শিক্ষার্থীরা নিজেদের কল্যাণের জন্য রেইকি প্রয়োগ করতে শেখেন।"
reiki-healing,bn,5,"রেইকি কি দূর থেকে করা সম্ভব?","হ্যাঁ। কোর্সটি দূরবর্তী নিরাময়ের নীতি ও কৌশলগুলির পরিচয় দেয়, যা উন্নত রেইকি অনুশীলনের একটি গুরুত্বপূর্ণ দিক।"
reiki-healing,bn,6,"রেইকির মাধ্যমে কি আমি চক্র ভারসাম্য শিখব?","হ্যাঁ। শিক্ষার্থীরা শেখেন কীভাবে রেইকি শক্তি চক্র ভারসাম্য ও শক্তি সমন্বয়ে সহায়তা করতে ব্যবহার করা যায়।"
reiki-healing,bn,7,"রেইকি কি অন্যান্য ওয়েলনেস অনুশীলনের সাথে ব্যবহার করা যায়?","হ্যাঁ। রেইকি সাধারণত ধ্যান, যোগ, সামগ্রিক ওয়েলনেস, কাউন্সেলিং ও অন্যান্য পরিপূরক অনুশীলনের সাথে একীভূত করা হয়।"
reiki-healing,bn,8,"এই কোর্সের পরে কি আমি একজন পেশাদার রেইকি প্র্যাকটিশনার হতে পারব?","হ্যাঁ। যথাযথ প্রশিক্ষণ ও অনুশীলনের সাথে শিক্ষার্থীরা রেইকি সেশন, ওয়েলনেস কনসাল্টেশন, কর্মশালা ও সামগ্রিক নিরাময় পরিষেবা প্রদান করতে পারেন।"
reiki-healing,bn,9,"কোর্স সমাপ্তির পরে কি সার্টিফিকেট দেওয়া হয়?","হ্যাঁ। যে শিক্ষার্থীরা কোর্সের প্রয়োজনীয়তা সফলভাবে পূরণ করেন তারা একটি স্বীকৃত কোর্স সম্পূর্ণতা সার্টিফিকেট পান।"
reiki-healing,bn,10,"অনলাইন ফরম্যাটে রেইকি কীভাবে শেখানো হয়?","কোর্সে নির্দেশিত পাঠ, প্রদর্শন, ব্যবহারিক অনুশীলন, শক্তি-কাজের প্রশিক্ষণ ও প্রশিক্ষকের সহায়তা অন্তর্ভুক্ত রয়েছে যাতে শিক্ষার্থীরা রেইকি অনুশীলনে আত্মবিশ্বাস বিকাশ করতে পারেন।"
